,noaa_wind_speed_46077,noaa_wind_direction_46077,noaa_wind_direction_46073,noaa_wind_speed_46073,noaa_wind_speed_46076,noaa_wind_speed_46078,noaa_wind_direction_46078,noaa_wind_direction_46076
0,1.69,0.12777777777777777,0.9805555555555555,0.8800000000000001,1.73,1.03,0.19166666666666668,0.21944444444444444
1,1.81,0.1111111111111111,0.9472222222222222,0.82,1.69,0.73,0.24166666666666667,0.2222222222222222
2,1.86,0.09722222222222222,0.9805555555555555,0.95,1.92,0.6,0.28055555555555556,0.19444444444444445
3,1.86,0.09722222222222222,0.9472222222222222,0.8,1.8699999999999999,0.62,0.21388888888888888,0.18888888888888888
4,1.85,0.09166666666666666,0.9611111111111111,0.89,1.7,0.2,0.23333333333333334,0.16111111111111112
5,1.94,0.09722222222222222,0.9777777777777777,0.9400000000000001,1.7100000000000002,0.44000000000000006,0.19166666666666668,0.16944444444444445
6,1.85,0.10833333333333334,0.9166666666666666,0.9099999999999999,1.72,0.53,0.14722222222222223,0.15
