,noaa_wind_speed_46061,noaa_wind_speed_41008,noaa_wind_speed_44005,noaa_wind_direction_44005,noaa_wind_direction_41008,noaa_wind_direction_46061
0,0.82,0.43,0.22000000000000003,0.8138888888888889,0.7833333333333333,0.2833333333333333
1,1.2,0.49000000000000005,0.18,0.8805555555555555,0.7277777777777777,0.3138888888888889
2,1.21,0.45999999999999996,0.2,0.9944444444444445,0.6583333333333333,0.325
3,0.8800000000000001,0.55,0.25,0.9694444444444444,0.6194444444444445,0.2972222222222222
4,0.6900000000000001,0.53,0.16999999999999998,0.8972222222222223,0.6111111111111112,0.19166666666666668
5,0.6900000000000001,0.5,0.18,0.06944444444444445,0.5694444444444444,0.25277777777777777
6,0.6,0.48,0.27,0.05277777777777778,0.5972222222222222,0.14444444444444443
